종류,가격(원),거래량(원),거래일,거래일(주)
BTC,27263106.0,83558015760670,2022-09-27,20220927
BTC,27639942.0,75508760441078,2022-09-28,20220927
BTC,27999444.0,58705045893071,2022-09-29,20220927
BTC,27986246.0,63334471548874,2022-09-30,20220927
BTC,27813858.0,26960439738207,2022-10-01,20220927
BTC,27427866.0,29907719757983,2022-10-02,20220927
BTC,28131188.0,43701079111294,2022-10-03,20220927
BTC,28814256.0,50846890804628,2022-10-04,20221004
BTC,28569750.0,47081433620168,2022-10-05,20221004
BTC,28110236.0,48896231875056,2022-10-06,20221004
BTC,27852502.0,41646293972757,2022-10-07,20221004
BTC,27664920.0,23420204902283,2022-10-08,20221004
BTC,27555228.0,23858091471963,2022-10-09,20221004
BTC,27349706.0,39185380834296,2022-10-10,20221004
BTC,27277820.0,41109172820850,2022-10-11,20221011
BTC,27297446.0,35551502713380,2022-10-12,20221011
BTC,27742750.0,63291856997730,2022-10-13,20221011
BTC,27659770.0,55436378169257,2022-10-14,20221011
BTC,27489618.0,23344184044061,2022-10-15,20221011
BTC,27779906.0,25935645261934,2022-10-16,20221011
BTC,27982022.0,39320091478980,2022-10-17,20221011
BTC,27559372.0,43588902495503,2022-10-18,20221018
BTC,27471930.0,32188279494287,2022-10-19,20221018
BTC,27259234.0,35042304503523,2022-10-20,20221018
BTC,27399950.0,46388542067817,2022-10-21,20221018
BTC,27451000.0,23015339705709,2022-10-22,20221018
BTC,27963336.0,31624403135652,2022-10-23,20221018
BTC,27953598.0,43641054572138,2022-10-24,20221018
BTC,28682214.0,68168591658640,2022-10-25,20221025
BTC,29350904.0,83226418263759,2022-10-26,20221025
BTC,28833274.0,70534650669552,2022-10-27,20221025
BTC,29286588.0,62560481537260,2022-10-28,20221025
BTC,29603870.0,57405909280045,2022-10-29,20221025
BTC,29343828.0,44773581994708,2022-10-30,20221025
BTC,29220210.0,65108160436408,2022-10-31,20221025
BTC,29027632.0,56423952576242,2022-11-01,20221101
BTC,28705116.0,79100734127030,2022-11-02,20221101
BTC,28780032.0,61559901693116,2022-11-03,20221101
BTC,29688808.0,89952343496469,2022-11-04,20221101
BTC,29883278.0,53140081577543,2022-11-05,20221101
BTC,29382476.0,49258934755975,2022-11-06,20221101
BTC,28710026.0,74567372590830,2022-11-07,20221101
BTC,25485906.0,163561093600292,2022-11-08,20221108
BTC,21773344.0,141088108108963,2022-11-09,20221108
BTC,23738096.0,112303946497971,2022-11-10,20221108
BTC,22385276.0,73422567375992,2022-11-11,20221108
BTC,22076312.0,39052920338140,2022-11-12,20221108
BTC,21490460.0,35756424578525,2022-11-13,20221108
BTC,22010058.0,65733023564122,2022-11-14,20221108
BTC,22230282.0,48186817677976,2022-11-15,20221115
BTC,22284208.0,45352643528448,2022-11-16,20221115
BTC,22413006.0,37430738422964,2022-11-17,20221115
BTC,22375190.0,35995641557617,2022-11-18,20221115
BTC,22393976.0,21582822665421,2022-11-19,20221115
BTC,21831544.0,28560566794747,2022-11-20,20221115
BTC,21466838.0,50894930080190,2022-11-21,20221115
BTC,21905648.0,41575089288203,2022-11-22,20221122
BTC,22210992.0,44070933091565,2022-11-23,20221122
BTC,22023164.0,34655985524665,2022-11-24,20221122
BTC,22065910.0,24945931550790,2022-11-25,20221122
BTC,21989036.0,24040091705069,2022-11-26,20221122
BTC,21962832.0,27304111582606,2022-11-27,20221122
BTC,21750186.0,37208113048329,2022-11-28,20221122
BTC,21800638.0,31261557192142,2022-11-29,20221129
BTC,22428670.0,38569009976814,2022-11-30,20221129
BTC,22129378.0,29861308725463,2022-12-01,20221129
BTC,22187062.0,25369376152117,2022-12-02,20221129
BTC,21969210.0,21072081626868,2022-12-03,20221129
BTC,22272562.0,21874755535923,2022-12-04,20221129
BTC,22158212.0,28990794091698,2022-12-05,20221129
BTC,22559482.0,26256253376565,2022-12-06,20221206
BTC,22146864.0,25863319069012,2022-12-07,20221206
BTC,22696572.0,26994129647934,2022-12-08,20221206
BTC,22346256.0,26513756656942,2022-12-09,20221206
BTC,22340480.0,16573074518462,2022-12-10,20221206
BTC,22308480.0,18419530505825,2022-12-11,20221206
BTC,22488442.0,25639754562746,2022-12-12,20221206
BTC,22926432.0,34341637295890,2022-12-13,20221213
BTC,23089172.0,33092815657647,2022-12-14,20221213
BTC,22888628.0,27633239357947,2022-12-15,20221213
BTC,21807538.0,31480446472697,2022-12-16,20221213
BTC,22000898.0,18946713647832,2022-12-17,20221213
BTC,21952248.0,14310446421624,2022-12-18,20221213
BTC,21399202.0,22416328663401,2022-12-19,20221213
BTC,21707358.0,29174717611395,2022-12-20,20221220
BTC,21545448.0,19066987385274,2022-12-21,20221220
BTC,21747472.0,21245121543238,2022-12-22,20221220
BTC,21504204.0,19625205821754,2022-12-23,20221220
BTC,21569244.0,12475515864090,2022-12-24,20221220
BTC,21566244.0,14926049750357,2022-12-25,20221220
BTC,21580450.0,15161279765479,2022-12-26,20221220
BTC,21274356.0,20041719766229,2022-12-27,20221227
BTC,21097826.0,21675397933938,2022-12-28,20221227
BTC,20980342.0,18244576602029,2022-12-29,20221227
BTC,20950968.0,20101170492923,2022-12-30,20221227
BTC,20881450.0,14182842151915,2022-12-31,20221227
BTC,20976934.0,11664205615481,2023-01-01,20221227
BTC,21196110.0,15365444804389,2023-01-02,20221227
BTC,21340292.0,17787669052216,2023-01-03,20230103
BTC,21440006.0,23421496568532,2023-01-04,20230103
BTC,21458506.0,17451489256812,2023-01-05,20230103
BTC,21255736.0,18073003494409,2023-01-06,20230103
BTC,21259632.0,9673392179652,2023-01-07,20230103
BTC,21428022.0,12247667948565,2023-01-08,20230103
BTC,21317794.0,23088248179392,2023-01-09,20230103
BTC,21635552.0,19604287140972,2023-01-10,20230110
BTC,22281418.0,22824806756427,2023-01-11,20230110
BTC,23388006.0,43345400621155,2023-01-12,20230110
BTC,24641782.0,36171380876276,2023-01-13,20230110
BTC,25962156.0,48230037370163,2023-01-14,20230110
BTC,25847394.0,23888622666063,2023-01-15,20230110
BTC,26286438.0,33268373823986,2023-01-16,20230110
BTC,26184206.0,30933729413275,2023-01-17,20230117
BTC,25617986.0,37154615701698,2023-01-18,20230117
BTC,25990632.0,26072048888354,2023-01-19,20230117
BTC,27915516.0,35452622941263,2023-01-20,20230117
BTC,28039940.0,39937418014968,2023-01-21,20230117
BTC,27967290.0,30461123025471,2023-01-22,20230117
BTC,28215856.0,32625524083327,2023-01-23,20230117
BTC,27914388.0,32561675769194,2023-01-24,20230124
BTC,28502934.0,37833216030232,2023-01-25,20230124
BTC,28380988.0,32478129612784,2023-01-26,20230124
BTC,28387990.0,31222772005860,2023-01-27,20230124
BTC,28329392.0,18097637552733,2023-01-28,20230124
BTC,29243740.0,33732316604064,2023-01-29,20230124
BTC,28135560.0,33513136235537,2023-01-30,20230124
BTC,28520352.0,28148793446258,2023-01-31,20230131
BTC,28996970.0,32614276121254,2023-02-01,20230131
BTC,28758910.0,39290014414844,2023-02-02,20230131
BTC,29261236.0,33795603917040,2023-02-03,20230131
BTC,29114646.0,19515498680614,2023-02-04,20230131
BTC,28645316.0,24413340316450,2023-02-05,20230131
BTC,28713130.0,30056556127903,2023-02-06,20230131
BTC,29212970.0,34139926985940,2023-02-07,20230207
BTC,28923026.0,31989362180342,2023-02-08,20230207
BTC,27598904.0,41201046557480,2023-02-09,20230207
BTC,27452944.0,34334471816609,2023-02-10,20230207
BTC,27731612.0,20739204175472,2023-02-11,20230207
BTC,27626850.0,22596601860256,2023-02-12,20230207
BTC,27768038.0,30455495774412,2023-02-13,20230207
BTC,28278196.0,34096258408506,2023-02-14,20230214
BTC,31213578.0,41711659690059,2023-02-15,20230214
BTC,30468364.0,50708647718427,2023-02-16,20230214
BTC,31834562.0,53596414168316,2023-02-17,20230214
BTC,31931152.0,25431413528167,2023-02-18,20230214
BTC,31526666.0,33117360120155,2023-02-19,20230214
BTC,32189996.0,37580974231783,2023-02-20,20230214
BTC,31918278.0,40820866298092,2023-02-21,20230221
BTC,31521952.0,39355451572227,2023-02-22,20230221
BTC,31094142.0,39571295551176,2023-02-23,20230221
BTC,30500962.0,35252156150698,2023-02-24,20230221
BTC,30470984.0,21169228713656,2023-02-25,20230221
BTC,30978638.0,21884484860535,2023-02-26,20230221
BTC,31019684.0,29882818252455,2023-02-27,20230221
BTC,30600802.0,27147750459806,2023-02-28,20230228
BTC,30883694.0,32211027062696,2023-03-01,20230228
BTC,30785962.0,26734926878347,2023-03-02,20230228
BTC,28977148.0,33771183538035,2023-03-03,20230228
BTC,28965060.0,14468713731951,2023-03-04,20230228
BTC,29071516.0,17255920179088,2023-03-05,20230228
BTC,29144106.0,22547871188344,2023-03-06,20230228
BTC,29290100.0,30009419095109,2023-03-07,20230307
BTC,28598368.0,29676162861424,2023-03-08,20230307
BTC,26999330.0,40260508224273,2023-03-09,20230307
BTC,26999330.0,40260508224273,2023-03-10,20230307
BTC,26659880.0,52268234460373,2023-03-11,20230307
BTC,27247986.0,39857295776273,2023-03-12,20230307
BTC,29270572.0,38667029076825,2023-03-13,20230307
BTC,31377062.0,64143279829966,2023-03-14,20230314
BTC,32291258.0,71276781541479,2023-03-15,20230314
BTC,32002478.0,57314278792364,2023-03-16,20230314
BTC,32617354.0,44091749760662,2023-03-17,20230314
BTC,35891172.0,66393421739082,2023-03-18,20230314
BTC,35291596.0,46752524434104,2023-03-19,20230314
BTC,36682620.0,49413257901324,2023-03-20,20230314
BTC,36244296.0,58443090568895,2023-03-21,20230321
BTC,36735800.0,47070257213731,2023-03-22,20230321
BTC,35470928.0,43361494613109,2023-03-23,20230321
BTC,36455624.0,31162978801676,2023-03-24,20230321
BTC,35626672.0,33666113583432,2023-03-25,20230321
BTC,35628516.0,17342124978869,2023-03-26,20230321
BTC,36275932.0,17984018291327,2023-03-27,20230321
BTC,35232324.0,23612368997242,2023-03-28,20230328
BTC,35375764.0,23071198287251,2023-03-29,20230328
BTC,37064312.0,27044635949376,2023-03-30,20230328
BTC,36356028.0,29095844467110,2023-03-31,20230328
BTC,37206284.0,24824664466770,2023-04-01,20230328
BTC,37118164.0,14209781631123,2023-04-02,20230328
BTC,36841856.0,16049648673576,2023-04-03,20230328
BTC,36360724.0,25587726336231,2023-04-04,20230404
BTC,36977236.0,20064549118532,2023-04-05,20230404
BTC,37116604.0,22461652857017,2023-04-06,20230404
BTC,36992692.0,18253290942742,2023-04-07,20230404
BTC,36759868.0,14297641772215,2023-04-08,20230404
BTC,36791596.0,12339328544076,2023-04-09,20230404
BTC,37299024.0,16028194560346,2023-04-10,20230404
BTC,39178424.0,25476497701686,2023-04-11,20230411
BTC,39984052.0,26609158866798,2023-04-12,20230411
BTC,39878616.0,24679381322594,2023-04-13,20230411
BTC,39573656.0,22765602638214,2023-04-14,20230411
BTC,39764632.0,29557017781788,2023-04-15,20230411
BTC,39546536.0,15575071786106,2023-04-16,20230411
BTC,39542696.0,16767545859566,2023-04-17,20230411
BTC,38804056.0,23552802078114,2023-04-18,20230418
BTC,40030536.0,25653909293269,2023-04-19,20230418
BTC,38269604.0,32625141702891,2023-04-20,20230418
BTC,37396276.0,28253570098491,2023-04-21,20230418
BTC,36289080.0,27618352409106,2023-04-22,20230418
BTC,37007568.0,17462083543005,2023-04-23,20230418
BTC,36707036.0,17009506860590,2023-04-24,20230418
BTC,36694096.0,23600294939362,2023-04-25,20230425
BTC,37970484.0,23786715937967,2023-04-26,20230425
BTC,38035400.0,42627505941527,2023-04-27,20230425
BTC,39487160.0,36378508813545,2023-04-28,20230425
BTC,39261964.0,23477301133519,2023-04-29,20230425
BTC,39139156.0,14268310758925,2023-04-30,20230425
BTC,39166628.0,19607128620925,2023-05-01,20230425
BTC,37730208.0,25056616162211,2023-05-02,20230502
BTC,38507192.0,22063248407190,2023-05-03,20230502
BTC,38738068.0,25538825413222,2023-05-04,20230502
BTC,38112156.0,20542136618190,2023-05-05,20230502
BTC,38924988.0,23639587525597,2023-05-06,20230502
BTC,38094992.0,20973760205596,2023-05-07,20230502
BTC,37502532.0,14894738093303,2023-05-08,20230502
BTC,36643956.0,25302661329101,2023-05-09,20230509
BTC,36686600.0,18740166094398,2023-05-10,20230509
BTC,36416524.0,27232903393723,2023-05-11,20230509
BTC,35884832.0,22227138507707,2023-05-12,20230509
BTC,35986932.0,25929395322050,2023-05-13,20230509
BTC,35956644.0,13423521620146,2023-05-14,20230509
BTC,36155000.0,13445177994154,2023-05-15,20230509
BTC,36322640.0,19252474366191,2023-05-16,20230516
BTC,36304736.0,17096813511241,2023-05-17,20230516
BTC,36574660.0,20210395244517,2023-05-18,20230516
BTC,35823416.0,20323993096069,2023-05-19,20230516
BTC,35634940.0,14920464016422,2023-05-20,20230516
BTC,35952264.0,9335951759493,2023-05-21,20230516
BTC,35454384.0,11459626783399,2023-05-22,20230516
BTC,35287412.0,14530586645292,2023-05-23,20230523
BTC,35943132.0,18082910616976,2023-05-24,20230523
BTC,34730844.0,21495559019063,2023-05-25,20230523
BTC,35245524.0,18438822300836,2023-05-26,20230523
BTC,35361112.0,16822938231443,2023-05-27,20230523
BTC,35558384.0,10444529598313,2023-05-28,20230523
BTC,37169456.0,19249628088948,2023-05-29,20230523
BTC,36758300.0,20112501145272,2023-05-30,20230530
BTC,36570288.0,17492951918180,2023-05-31,20230530
BTC,35986840.0,20699132241993,2023-06-01,20230530
BTC,35219320.0,19276056974230,2023-06-02,20230530
BTC,35594776.0,19381373343667,2023-06-03,20230530
BTC,35364180.0,10952848135534,2023-06-04,20230530
BTC,35421304.0,12226663288359,2023-06-05,20230530
BTC,33508680.0,27984445939744,2023-06-06,20230606
BTC,35398160.0,28498703548972,2023-06-07,20230606
BTC,34478012.0,25558231723931,2023-06-08,20230606
BTC,34372672.0,15436747567196,2023-06-09,20230606
BTC,34098248.0,14184505536091,2023-06-10,20230606
BTC,33288126.0,25589978608605,2023-06-11,20230606
BTC,33402892.0,13820273147187,2023-06-12,20230606
BTC,33282900.0,15005271194359,2023-06-13,20230613
BTC,32863522.0,17933147757519,2023-06-14,20230613
BTC,32017380.0,18179374777571,2023-06-15,20230613
BTC,32491612.0,20119417218700,2023-06-16,20230613
BTC,33628068.0,20851471568908,2023-06-17,20230613
BTC,33862088.0,14165610620817,2023-06-18,20230613
BTC,33636124.0,12217129388686,2023-06-19,20230613
BTC,34465712.0,16464591244837,2023-06-20,20230620
BTC,36505352.0,28624200763665,2023-06-21,20230620
BTC,38697076.0,42974971276806,2023-06-22,20230620
BTC,38842144.0,26818851757965,2023-06-23,20230620
BTC,40165484.0,31555585189253,2023-06-24,20230620
BTC,39982424.0,15899186263938,2023-06-25,20230620
BTC,39888604.0,16624642674876,2023-06-26,20230620
BTC,39463264.0,21501508160868,2023-06-27,20230627
BTC,39820936.0,21318032945227,2023-06-28,20230627
BTC,39392976.0,19078975973117,2023-06-29,20230627
BTC,40291224.0,17443485306329,2023-06-30,20230627
BTC,40117228.0,34733631544246,2023-07-01,20230627
BTC,40265744.0,11960707466607,2023-07-02,20230627
BTC,40306136.0,13865144278112,2023-07-03,20230627
BTC,40704332.0,19951953992592,2023-07-04,20230704
BTC,39902228.0,16608861969271,2023-07-05,20230704
BTC,39789540.0,16275653177931,2023-07-06,20230704
BTC,39167624.0,27669663761707,2023-07-07,20230704
BTC,39404284.0,17382265609333,2023-07-08,20230704
BTC,39339712.0,9752129741694,2023-07-09,20230704
BTC,39173472.0,10261456473988,2023-07-10,20230704
BTC,39534708.0,19274670093906,2023-07-11,20230711
BTC,39557980.0,15698474926705,2023-07-12,20230711
BTC,38750108.0,18877586280494,2023-07-13,20230711
BTC,39885820.0,30014526281080,2023-07-14,20230711
BTC,38503944.0,26551721383049,2023-07-15,20230711
BTC,38455376.0,10169450232534,2023-07-16,20230711
BTC,38396472.0,10810426070191,2023-07-17,20230711
BTC,38157452.0,16758856483480,2023-07-18,20230718
BTC,37777212.0,16624515325755,2023-07-19,20230718
BTC,37873720.0,15355902733817,2023-07-20,20230718
BTC,38095764.0,18739964161385,2023-07-21,20230718
BTC,38482084.0,14118140019010,2023-07-22,20230718
BTC,38305892.0,10130182213846,2023-07-23,20230718
BTC,38708272.0,11863099628496,2023-07-24,20230718
BTC,37372128.0,19720194585534,2023-07-25,20230725
BTC,37250884.0,13085203902476,2023-07-26,20230725
BTC,37440652.0,17215388597369,2023-07-27,20230725
BTC,37512908.0,13832034543769,2023-07-28,20230725
BTC,37334540.0,14285381633819,2023-07-29,20230725
BTC,37382512.0,8253763870290,2023-07-30,20230725
BTC,37278904.0,11051063171717,2023-07-31,20230725
BTC,37364148.0,14900583991578,2023-08-01,20230801
BTC,38263876.0,23560414270985,2023-08-02,20230801
BTC,37784948.0,24902243875918,2023-08-03,20230801
BTC,37860224.0,16582903490047,2023-08-04,20230801
BTC,37913780.0,15696260009463,2023-08-05,20230801
BTC,37872096.0,8604533658618,2023-08-06,20230801
BTC,37872088.0,9480205506614,2023-08-07,20230801
BTC,38171200.0,17813960395357,2023-08-08,20230808
BTC,39201748.0,23140780718867,2023-08-09,20230808
BTC,38873960.0,24169440264063,2023-08-10,20230808
BTC,38807480.0,15646296232364,2023-08-11,20230808
BTC,39116600.0,13565690802469,2023-08-12,20230808
BTC,39140884.0,8242212765108,2023-08-13,20230808
BTC,38964148.0,9753237308260,2023-08-14,20230808
BTC,39279784.0,18717581625949,2023-08-15,20230815
BTC,39060992.0,16926043760743,2023-08-16,20230815
BTC,38566008.0,20087037672202,2023-08-17,20230815
BTC,35725964.0,41696650078815,2023-08-18,20230815
BTC,34910576.0,32199001147151,2023-08-19,20230815
BTC,34973088.0,14247835739174,2023-08-20,20230815
BTC,35098480.0,12110549155588,2023-08-21,20230815
BTC,35031176.0,17930595142620,2023-08-22,20230822
BTC,34896688.0,19443069363266,2023-08-23,20230822
BTC,35149252.0,22587299522092,2023-08-24,20230822
BTC,34756444.0,17099698526647,2023-08-25,20230822
BTC,34503004.0,16433171423067,2023-08-26,20230822
BTC,34451068.0,7993779365339,2023-08-27,20230822
BTC,34558660.0,9158044737776,2023-08-28,20230822
BTC,34555700.0,14563987016200,2023-08-29,20230829
BTC,36625112.0,38792708876721,2023-08-30,20230829
BTC,36142408.0,21639494515634,2023-08-31,20230829
BTC,34375868.0,26752796768014,2023-09-01,20230829
BTC,34016964.0,22681113695840,2023-09-02,20230829
BTC,34106716.0,13316855864052,2023-09-03,20230829
BTC,34259896.0,11823653838969,2023-09-04,20230829
BTC,34090932.0,14106111596337,2023-09-05,20230905
BTC,34340664.0,14778938123430,2023-09-06,20230905
BTC,34366920.0,17018102677534,2023-09-07,20230905
BTC,35031184.0,14803111745051,2023-09-08,20230905
BTC,34617984.0,14455341530358,2023-09-09,20230905
BTC,34604652.0,7324734888104,2023-09-10,20230905
BTC,34520216.0,10556360169923,2023-09-11,20230905
BTC,33334224.0,19341356493462,2023-09-12,20230912
BTC,34220268.0,24714458342882,2023-09-13,20230912
BTC,34904232.0,17396110005242,2023-09-14,20230912
BTC,35246280.0,18342313598672,2023-09-15,20230912
BTC,35373864.0,15261275554403,2023-09-16,20230912
BTC,35320140.0,9840334585593,2023-09-17,20230912
BTC,35275152.0,9005790028271,2023-09-18,20230912
BTC,35360808.0,20638604180037,2023-09-19,20230919
BTC,36160992.0,18349109011043,2023-09-20,20230919
BTC,36176232.0,17708264491967,2023-09-21,20230919
BTC,35646888.0,17941017180164,2023-09-22,20230919
BTC,35501132.0,14129555934987,2023-09-23,20230919
BTC,35500896.0,9890124980465,2023-09-24,20230919
BTC,35070284.0,10942914508676,2023-09-25,20230919
BTC,35225500.0,16070497755445,2023-09-26,20230926
BTC,35506264.0,13523452605200,2023-09-27,20230926
BTC,35652924.0,15853945607398,2023-09-28,20230926
BTC,36434444.0,18983392664465,2023-09-29,20230926
BTC,36409676.0,14065649315247,2023-09-30,20230926
BTC,36485704.0,7212703617728,2023-10-01,20230926
BTC,37860244.0,12858199432039,2023-10-02,20230926
BTC,37305316.0,26820362712790,2023-10-03,20231003
BTC,37306556.0,15515368801748,2023-10-04,20231003
BTC,37583528.0,15065314933005,2023-10-05,20231003
BTC,36918816.0,15994148417781,2023-10-06,20231003
BTC,37570148.0,18138564108027,2023-10-07,20231003
BTC,37600048.0,8809617892079,2023-10-08,20231003
BTC,37554788.0,10643121739967,2023-10-09,20231003
BTC,37168868.0,16180273357347,2023-10-10,20231010
BTC,36773696.0,13389678748339,2023-10-11,20231010
BTC,35979856.0,18273010889172,2023-10-12,20231010
BTC,36106524.0,12675108127971,2023-10-13,20231010
BTC,36346540.0,20519654033316,2023-10-14,20231010
BTC,36345636.0,7290472233315,2023-10-15,20231010
BTC,36748924.0,9604367226336,2023-10-16,20231010
BTC,38448660.0,37524379825618,2023-10-17,20231017
BTC,38457824.0,20128452552941,2023-10-18,20231017
BTC,38394472.0,17245492927737,2023-10-19,20231017
BTC,38971628.0,19605437048233,2023-10-20,20231017
BTC,40081776.0,29080875982523,2023-10-21,20231017
BTC,40399728.0,15584357022570,2023-10-22,20231017
BTC,40501948.0,14106350360403,2023-10-23,20231017
BTC,44407904.0,51491079129615,2023-10-24,20231024
BTC,45568060.0,60398481072335,2023-10-25,20231024
BTC,46684732.0,34170860067580,2023-10-26,20231024
BTC,46157296.0,26252774893200,2023-10-27,20231024
BTC,45989148.0,22266464540569,2023-10-28,20231024
BTC,46232964.0,13779643871485,2023-10-29,20231024
BTC,46841244.0,15135681332808,2023-10-30,20231024
BTC,46457872.0,23139632782292,2023-10-31,20231031
BTC,46866904.0,21303394013231,2023-11-01,20231031
BTC,47779036.0,30263668039599,2023-11-02,20231031
BTC,46618620.0,28018157917905,2023-11-03,20231031
BTC,45465136.0,22460677199165,2023-11-04,20231031
BTC,45923124.0,12515877610681,2023-11-05,20231031
BTC,45876884.0,16247317395243,2023-11-06,20231031
BTC,45498724.0,16483405347004,2023-11-07,20231107
BTC,46252960.0,24578861945760,2023-11-08,20231107
BTC,46676900.0,22641682174037,2023-11-09,20231107
BTC,48332116.0,49740923069112,2023-11-10,20231107
BTC,49260784.0,29982730919902,2023-11-11,20231107
BTC,49028540.0,18382406353171,2023-11-12,20231107
BTC,48864772.0,15225639882661,2023-11-13,20231107
BTC,48167964.0,25148271932005,2023-11-14,20231114
BTC,46385260.0,31139710419237,2023-11-15,20231114
BTC,49353180.0,35653895512416,2023-11-16,20231114
BTC,46742512.0,33623518133034,2023-11-17,20231114
BTC,47443208.0,29097285955989,2023-11-18,20231114
BTC,47428972.0,15408802130407,2023-11-19,20231114
BTC,48461776.0,16742162121023,2023-11-20,20231114
BTC,48292056.0,26916128440118,2023-11-21,20231121
BTC,46420436.0,32627155096607,2023-11-22,20231121
BTC,48673304.0,31723763813762,2023-11-23,20231121
BTC,49158160.0,18739281935840,2023-11-24,20231121
BTC,49187300.0,29891568565890,2023-11-25,20231121
BTC,49287068.0,11865853329893,2023-11-26,20231121
BTC,48934800.0,17945960116085,2023-11-27,20231121
BTC,48371372.0,24673683798087,2023-11-28,20231128
BTC,48729848.0,27946579621534,2023-11-29,20231128
BTC,49172936.0,25574430998528,2023-11-30,20231128
ETH,1897560.125,25494196443747,2022-09-27,20220927
ETH,1902840.875,27025669163794,2022-09-28,20220927
ETH,1910664.0,19736625929491,2022-09-29,20220927
ETH,1912594.625,20523421657022,2022-09-30,20220927
ETH,1889069.625,8969696611660,2022-10-01,20220927
ETH,1837866.25,10914557688843,2022-10-02,20220927
ETH,1897203.125,14554833267377,2022-10-03,20220927
ETH,1929929.0,14366540155966,2022-10-04,20221004
ETH,1917105.5,13851375674074,2022-10-05,20221004
ETH,1904085.625,16951010709123,2022-10-06,20221004
ETH,1898716.75,14336902034530,2022-10-07,20221004
ETH,1874338.25,8270560708291,2022-10-08,20221004
ETH,1874106.0,7773887225578,2022-10-09,20221004
ETH,1845087.125,12565731809400,2022-10-10,20221004
ETH,1832096.5,13279723443445,2022-10-11,20221011
ETH,1845112.0,11905949410011,2022-10-12,20221011
ETH,1843691.75,25046373378987,2022-10-13,20221011
ETH,1870480.5,18905987834989,2022-10-14,20221011
ETH,1837969.75,9801347664812,2022-10-15,20221011
ETH,1883362.25,10801102565908,2022-10-16,20221011
ETH,1906015.125,13455452687300,2022-10-17,20221011
ETH,1867917.75,14848084407083,2022-10-18,20221018
ETH,1845493.0,11986166888267,2022-10-19,20221018
ETH,1835811.375,12888886077445,2022-10-20,20221018
ETH,1857792.5,14880909369362,2022-10-21,20221018
ETH,1878304.5,10254471594664,2022-10-22,20221018
ETH,1948511.0,14161746167181,2022-10-23,20221018
ETH,1943470.5,18918615276798,2022-10-24,20221018
ETH,2086191.25,36205973845801,2022-10-25,20221025
ETH,2213730.0,46216516213318,2022-10-26,20221025
ETH,2152456.75,32425967151169,2022-10-27,20221025
ETH,2211889.5,28403912159796,2022-10-28,20221025
ETH,2303211.0,30741013884877,2022-10-29,20221025
ETH,2262093.75,19808563800208,2022-10-30,20221025
ETH,2242171.75,27525295108935,2022-10-31,20221025
ETH,2238441.25,20556859982047,2022-11-01,20221101
ETH,2163917.75,33111681409560,2022-11-02,20221101
ETH,2180992.0,20290364251494,2022-11-03,20221101
ETH,2309563.0,29211105317258,2022-11-04,20221101
ETH,2285849.25,15455020806285,2022-11-05,20221101
ETH,2207544.5,16333313095362,2022-11-06,20221101
ETH,2185832.0,21292628927377,2022-11-07,20221101
ETH,1832049.125,57797083129003,2022-11-08,20221108
ETH,1508387.75,53285162342206,2022-11-09,20221108
ETH,1753978.375,38577779234013,2022-11-10,20221108
ETH,1691575.875,27492308045659,2022-11-11,20221108
ETH,1649585.75,14409386521152,2022-11-12,20221108
ETH,1605630.25,14084137307947,2022-11-13,20221108
ETH,1644448.875,19903956974317,2022-11-14,20221108
ETH,1648035.875,15533262064996,2022-11-15,20221115
ETH,1625054.0,15961164130942,2022-11-16,20221115
ETH,1612806.0,13059830111878,2022-11-17,20221115
ETH,1624494.5,10693163725558,2022-11-18,20221115
ETH,1632728.5,8011698702141,2022-11-19,20221115
ETH,1530939.625,12932633126669,2022-11-20,20221115
ETH,1507088.625,19145485298415,2022-11-21,20221115
ETH,1535952.0,16291689768300,2022-11-22,20221122
ETH,1582114.25,15033134907507,2022-11-23,20221122
ETH,1596891.0,12873949209028,2022-11-24,20221122
ETH,1601237.5,7323287093667,2022-11-25,20221122
ETH,1610549.0,6776845874194,2022-11-26,20221122
ETH,1596167.125,5992639662455,2022-11-27,20221122
ETH,1569284.5,9757564137807,2022-11-28,20221122
ETH,1613210.625,10127338955997,2022-11-29,20221129
ETH,1692661.625,12850762478487,2022-11-30,20221129
ETH,1664579.875,8944459855382,2022-12-01,20221129
ETH,1680458.75,8067486906488,2022-12-02,20221129
ETH,1615489.875,7370534852490,2022-12-03,20221129
ETH,1664552.625,6727252215880,2022-12-04,20221129
ETH,1644328.25,7989256110591,2022-12-05,20221129
ETH,1678682.5,6718158830779,2022-12-06,20221206
ETH,1620039.0,7561273708900,2022-12-07,20221206
ETH,1687236.625,8201345483352,2022-12-08,20221206
ETH,1648968.625,7442404429402,2022-12-09,20221206
ETH,1651706.75,4281266274130,2022-12-10,20221206
ETH,1648425.375,4384962082660,2022-12-11,20221206
ETH,1665899.5,6732388540228,2022-12-12,20221206
ETH,1702656.75,11362934914515,2022-12-13,20221213
ETH,1696896.5,10148905549644,2022-12-14,20221213
ETH,1669181.125,7951912480137,2022-12-15,20221213
ETH,1530373.0,12179761161975,2022-12-16,20221213
ETH,1556428.375,6651005657274,2022-12-17,20221213
ETH,1551927.25,4388480677552,2022-12-18,20221213
ETH,1519854.5,6435021814003,2022-12-19,20221213
ETH,1563507.0,8583344303391,2022-12-20,20221220
ETH,1554779.375,5402759315207,2022-12-21,20221220
ETH,1574084.625,6845174158754,2022-12-22,20221220
ETH,1562102.25,6191046699863,2022-12-23,20221220
ETH,1563368.625,3362118092937,2022-12-24,20221220
ETH,1560886.625,5048671734817,2022-12-25,20221220
ETH,1564950.5,4186168814331,2022-12-26,20221220
ETH,1543404.5,5206901904382,2022-12-27,20221227
ETH,1516750.25,6362357152945,2022-12-28,20221227
ETH,1514803.625,5209343666875,2022-12-29,20221227
ETH,1513323.875,5117888458478,2022-12-30,20221227
ETH,1510217.625,3809092259718,2022-12-31,20221227
ETH,1515334.5,3027823690896,2023-01-01,20221227
ETH,1542741.5,4782908696712,2023-01-02,20221227
ETH,1554194.125,4340985509060,2023-01-03,20230103
ETH,1597554.25,8142607659731,2023-01-04,20230103
ETH,1593690.125,5100296847175,2023-01-05,20230103
ETH,1591648.875,6240877675755,2023-01-06,20230103
ETH,1585243.25,3216469935216,2023-01-07,20230103
ETH,1614026.875,4381967696579,2023-01-08,20230103
ETH,1638252.375,9905387440565,2023-01-09,20230103
ETH,1657531.375,7230132836540,2023-01-10,20230110
ETH,1724298.25,7845321370160,2023-01-11,20230110
ETH,1757471.0,15158773911927,2023-01-12,20230110
ETH,1796641.875,9510554980143,2023-01-13,20230110
ETH,1919294.375,19115659171035,2023-01-14,20230110
ETH,1921743.875,8385987761179,2023-01-15,20230110
ETH,1957962.0,10497976832006,2023-01-16,20230110
ETH,1939974.25,9403195278338,2023-01-17,20230117
ETH,1876584.125,12821982671640,2023-01-18,20230117
ETH,1913611.375,7928581184912,2023-01-19,20230117
ETH,2043207.125,10499325308495,2023-01-20,20230117
ETH,2003031.375,10906002909533,2023-01-21,20230117
ETH,2004427.875,9254134223934,2023-01-22,20230117
ETH,2003210.625,10167688431361,2023-01-23,20230117
ETH,1919542.125,10087587537393,2023-01-24,20230124
ETH,1987143.0,13067898322653,2023-01-25,20230124
ETH,1975347.125,10344707439772,2023-01-26,20230124
ETH,1965812.375,9993498632314,2023-01-27,20230124
ETH,1934173.75,7138783812180,2023-01-28,20230124
ETH,2024842.25,10825968644521,2023-01-29,20230124
ETH,1930706.75,11308872191150,2023-01-30,20230124
ETH,1955486.125,8116585184729,2023-01-31,20230131
ETH,2006722.125,9921168882643,2023-02-01,20230131
ETH,2013381.75,12936288829592,2023-02-02,20230131
ETH,2077352.75,10194335288017,2023-02-03,20230131
ETH,2080239.875,7291565039205,2023-02-04,20230131
ETH,2036055.625,8643504898765,2023-02-05,20230131
ETH,2038984.625,8729798977234,2023-02-06,20230131
ETH,2099535.0,10083619373387,2023-02-07,20230207
ETH,2081298.0,9842269015208,2023-02-08,20230207
ETH,1956089.75,13313033444811,2023-02-09,20230207
ETH,1920801.0,10647593945028,2023-02-10,20230207
ETH,1952581.0,6421009482721,2023-02-11,20230207
ETH,1921021.5,6745233276428,2023-02-12,20230207
ETH,1919059.25,11922903077979,2023-02-13,20230207
ETH,1981279.375,11771009202406,2023-02-14,20230214
ETH,2149249.0,12860256569016,2023-02-15,20230214
ETH,2115276.25,16386088740387,2023-02-16,20230214
ETH,2196269.75,12702985423124,2023-02-17,20230214
ETH,2192327.25,7116023974830,2023-02-18,20230214
ETH,2179006.0,9018490514608,2023-02-19,20230214
ETH,2207450.25,9987414749576,2023-02-20,20230214
ETH,2165694.0,11391990196201,2023-02-21,20230221
ETH,2141395.25,11975248800572,2023-02-22,20230221
ETH,2143804.0,11703056236708,2023-02-23,20230221
ETH,2114693.5,11713747927721,2023-02-24,20230221
ETH,2096994.125,7438725861612,2023-02-25,20230221
ETH,2157371.0,7531217768517,2023-02-26,20230221
ETH,2155191.25,9547178984714,2023-02-27,20230221
ETH,2122993.25,8359900937524,2023-02-28,20230228
ETH,2172535.75,10059036076263,2023-03-01,20230228
ETH,2160311.0,9286029854443,2023-03-02,20230228
ETH,2033298.5,12857055973341,2023-03-03,20230228
ETH,2030391.125,5687244091570,2023-03-04,20230228
ETH,2027209.125,6505969878891,2023-03-05,20230228
ETH,2036599.5,6815289998676,2023-03-06,20230228
ETH,2058940.25,9035019715576,2023-03-07,20230307
ETH,2020087.375,9389215285119,2023-03-08,20230307
ETH,1907520.25,12540226405843,2023-03-09,20230307
ETH,1907520.25,12540226405843,2023-03-10,20230307
ETH,1887389.125,16726036388108,2023-03-11,20230307
ETH,1958002.875,19700092734121,2023-03-12,20230307
ETH,2100202.5,15162207507679,2023-03-13,20230307
ETH,2178865.0,20373140356160,2023-03-14,20230314
ETH,2222913.75,21086967672362,2023-03-15,20230314
ETH,2174350.5,16693593552105,2023-03-16,20230314
ETH,2183642.25,12192689102732,2023-03-17,20230314
ETH,2345921.75,16316816035600,2023-03-18,20230314
ETH,2305572.0,13503449821412,2023-03-19,20230314
ETH,2336045.75,11997726481929,2023-03-20,20230314
ETH,2265097.5,14329898501409,2023-03-21,20230321
ETH,2355665.5,14027163880108,2023-03-22,20230321
ETH,2257203.25,16216195384119,2023-03-23,20230321
ETH,2337059.5,14169723672898,2023-03-24,20230321
ETH,2270355.5,14142280037467,2023-03-25,20230321
ETH,2259626.0,8571033238343,2023-03-26,20230321
ETH,2300977.5,9058267220771,2023-03-27,20230321
ETH,2226968.25,11145806992630,2023-03-28,20230328
ETH,2299888.0,10828670858480,2023-03-29,20230328
ETH,2344269.25,11945140237067,2023-03-30,20230328
ETH,2324956.0,12611457029889,2023-03-31,20230328
ETH,2380417.25,11953390179277,2023-04-01,20230328
ETH,2369754.5,7259326878522,2023-04-02,20230328
ETH,2346058.0,8099816580242,2023-04-03,20230328
ETH,2368592.75,12617982462792,2023-04-04,20230404
ETH,2456134.0,13650241670328,2023-04-05,20230404
ETH,2514723.25,13592699087325,2023-04-06,20230404
ETH,2470550.25,10899878763207,2023-04-07,20230404
ETH,2455807.5,10999491323028,2023-04-08,20230404
ETH,2434753.5,6603740556328,2023-04-09,20230404
ETH,2447789.5,8374588787348,2023-04-10,20230404
ETH,2525146.0,11072090121741,2023-04-11,20230411
ETH,2502307.25,11739594726073,2023-04-12,20230411
ETH,2541359.0,14568873844029,2023-04-13,20230411
ETH,2620057.75,16333682894741,2023-04-14,20230411
ETH,2741310.25,21258751929436,2023-04-15,20230411
ETH,2729351.0,10482527964261,2023-04-16,20230411
ETH,2765290.0,10302146679485,2023-04-17,20230411
ETH,2736170.0,12715747876976,2023-04-18,20230418
ETH,2771465.25,12028584541377,2023-04-19,20230418
ETH,2571079.0,18296194819880,2023-04-20,20230418
ETH,2572564.25,14992589071434,2023-04-21,20230418
ETH,2461231.5,16023649438304,2023-04-22,20230418
ETH,2493417.5,9273533963381,2023-04-23,20230418
ETH,2477250.75,8790423928681,2023-04-24,20230418
ETH,2456584.25,11248972541477,2023-04-25,20230425
ETH,2503975.75,11639263982071,2023-04-26,20230425
ETH,2497845.5,19211973131285,2023-04-27,20230425
ETH,2557274.25,18767248691632,2023-04-28,20230425
ETH,2532485.0,10292805204832,2023-04-29,20230425
ETH,2554436.25,6418686831172,2023-04-30,20230425
ETH,2511643.25,8751150500257,2023-05-01,20230425
ETH,2460526.0,11585418803322,2023-05-02,20230502
ETH,2511767.75,10119073833118,2023-05-03,20230502
ETH,2543672.25,11093226536944,2023-05-04,20230502
ETH,2480728.75,8691103672089,2023-05-05,20230502
ETH,2629400.5,12518281050214,2023-05-06,20230502
ETH,2504406.75,12683001276126,2023-05-07,20230502
ETH,2468640.5,9072762712742,2023-05-08,20230502
ETH,2446579.5,13092804351464,2023-05-09,20230509
ETH,2451987.25,8130190139743,2023-05-10,20230509
ETH,2429022.0,13112212596970,2023-05-11,20230509
ETH,2387588.25,11102480287680,2023-05-12,20230509
ETH,2427349.5,12146279920417,2023-05-13,20230509
ETH,2411218.5,6239274197002,2023-05-14,20230509
ETH,2417214.0,6324907871158,2023-05-15,20230509
ETH,2427792.25,9014828944087,2023-05-16,20230516
ETH,2449425.0,7514238480395,2023-05-17,20230516
ETH,2432000.25,8479500491700,2023-05-18,20230516
ETH,2405469.75,7574131461906,2023-05-19,20230516
ETH,2402053.25,6355830595874,2023-05-20,20230516
ETH,2412506.5,3911549248808,2023-05-21,20230516
ETH,2391379.5,4488173468502,2023-05-22,20230516
ETH,2388568.0,5959597409553,2023-05-23,20230523
ETH,2448134.75,9003758060498,2023-05-24,20230523
ETH,2374005.0,9365783371051,2023-05-25,20230523
ETH,2404112.75,8415528365180,2023-05-26,20230523
ETH,2420142.75,7214565171848,2023-05-27,20230523
ETH,2423357.0,4257127110485,2023-05-28,20230523
ETH,2528965.75,8416514667937,2023-05-29,20230523
ETH,2507987.75,7796134324683,2023-05-30,20230530
ETH,2509573.75,7080357309834,2023-05-31,20230530
ETH,2477769.0,7912064194485,2023-06-01,20230530
ETH,2445396.5,7406342713854,2023-06-02,20230530
ETH,2491354.0,7965180740657,2023-06-03,20230530
ETH,2471774.5,4535311478432,2023-06-04,20230530
ETH,2469275.75,4894162856066,2023-06-05,20230530
ETH,2356822.5,12027948818169,2023-06-06,20230606
ETH,2448995.25,11311818323690,2023-06-07,20230606
ETH,2397987.25,10364466485147,2023-06-08,20230606
ETH,2394062.75,5881794850577,2023-06-09,20230606
ETH,2369621.25,5937275517701,2023-06-10,20230606
ETH,2256510.75,13892136202876,2023-06-11,20230606
ETH,2257855.0,5870723806720,2023-06-12,20230606
ETH,2239027.25,7749907474224,2023-06-13,20230613
ETH,2205004.0,7879168980909,2023-06-14,20230613
ETH,2103322.75,9510279038121,2023-06-15,20230613
ETH,2115834.75,9310025609044,2023-06-16,20230613
ETH,2192701.25,8022751289352,2023-06-17,20230613
ETH,2206157.75,6227076963845,2023-06-18,20230613
ETH,2197489.75,4878883152438,2023-06-19,20230613
ETH,2230442.25,6688120178314,2023-06-20,20230620
ETH,2309487.0,9241289521041,2023-06-21,20230620
ETH,2436997.75,15118681496035,2023-06-22,20230620
ETH,2432082.0,11008534518547,2023-06-23,20230620
ETH,2476838.5,10848394184149,2023-06-24,20230620
ETH,2455405.0,6578327773005,2023-06-25,20230620
ETH,2487135.5,9079005214540,2023-06-26,20230620
ETH,2424068.25,11237161089382,2023-06-27,20230627
ETH,2452077.5,9973401721092,2023-06-28,20230627
ETH,2393426.75,9342452219627,2023-06-29,20230627
ETH,2451228.25,7513215959034,2023-06-30,20230627
ETH,2544658.25,16973871229960,2023-07-01,20230627
ETH,2533307.75,6761586480570,2023-07-02,20230627
ETH,2550251.25,8350566769851,2023-07-03,20230627
ETH,2554618.0,10266749197412,2023-07-04,20230704
ETH,2510788.5,7368391633411,2023-07-05,20230704
ETH,2491348.25,7868266043845,2023-07-06,20230704
ETH,2420872.75,11661509204340,2023-07-07,20230704
ETH,2429276.75,8400882388859,2023-07-08,20230704
ETH,2422701.75,5582949539095,2023-07-09,20230704
ETH,2418879.0,5703569750088,2023-07-10,20230704
ETH,2444469.5,8236553281588,2023-07-11,20230711
ETH,2426547.25,6336865120256,2023-07-12,20230711
ETH,2386992.0,8133393400124,2023-07-13,20230711
ETH,2542611.25,14084520652754,2023-07-14,20230711
ETH,2461671.5,13489740437144,2023-07-15,20230711
ETH,2451668.5,5559772320146,2023-07-16,20230711
ETH,2441808.5,5495367144121,2023-07-17,20230711
ETH,2419684.75,8452858408141,2023-07-18,20230718
ETH,2401013.25,7357292448375,2023-07-19,20230718
ETH,2391654.0,7619947219184,2023-07-20,20230718
ETH,2418027.5,9420142742205,2023-07-21,20230718
ETH,2434445.0,6006285824897,2023-07-22,20230718
ETH,2399489.5,5276944906041,2023-07-23,20230718
ETH,2430728.5,5764969264996,2023-07-24,20230718
ETH,2369630.75,8126381216872,2023-07-25,20230725
ETH,2367728.75,5306311892171,2023-07-26,20230725
ETH,2387837.0,7374046687143,2023-07-27,20230725
ETH,2389105.25,5511017496808,2023-07-28,20230725
ETH,2387262.75,4840083427177,2023-07-29,20230725
ETH,2395315.5,3180014698286,2023-07-30,20230725
ETH,2370600.0,5097389983595,2023-07-31,20230725
ETH,2372687.75,5613693654209,2023-08-01,20230801
ETH,2413488.0,9844385761198,2023-08-02,20230801
ETH,2383713.25,8358158930490,2023-08-03,20230801
ETH,2381145.5,6112122436940,2023-08-04,20230801
ETH,2383410.75,6339254649060,2023-08-05,20230801
ETH,2392897.75,3737443515222,2023-08-06,20230801
ETH,2383105.25,3864420931749,2023-08-07,20230801
ETH,2389824.0,7636550749218,2023-08-08,20230808
ETH,2444135.25,7655646826932,2023-08-09,20230808
ETH,2438438.5,7719275739662,2023-08-10,20230808
ETH,2440505.25,4958544353556,2023-08-11,20230808
ETH,2457783.75,4461535201118,2023-08-12,20230808
ETH,2460133.0,3048570712502,2023-08-13,20230808
ETH,2447365.25,4064516627259,2023-08-14,20230808
ETH,2463211.75,5454001309500,2023-08-15,20230815
ETH,2446381.75,6004265547074,2023-08-16,20230815
ETH,2426228.0,6686922123827,2023-08-17,20230815
ETH,2257524.5,19036923737439,2023-08-18,20230815
ETH,2225932.25,12925956556312,2023-08-19,20230815
ETH,2237359.5,6528229419373,2023-08-20,20230815
ETH,2257987.25,5501472041250,2023-08-21,20230815
ETH,2235725.0,6808337961185,2023-08-22,20230822
ETH,2190311.75,9711765811907,2023-08-23,20230822
ETH,2233128.25,9563870757783,2023-08-24,20230822
ETH,2205219.5,6781318400010,2023-08-25,20230822
ETH,2189494.5,7148917286056,2023-08-26,20230822
ETH,2180714.5,3209858198332,2023-08-27,20230822
ETH,2195557.75,3475861906510,2023-08-28,20230822
ETH,2187294.0,6427154465862,2023-08-29,20230829
ETH,2284794.75,14932664608818,2023-08-30,20230829
ETH,2257620.0,6651801302162,2023-08-31,20230829
ETH,2181529.5,8740165654951,2023-09-01,20230829
ETH,2147084.25,8048491331089,2023-09-02,20230829
ETH,2158336.0,3880977548427,2023-09-03,20230829
ETH,2158419.75,4158060385980,2023-09-04,20230829
ETH,2152315.75,5134912185878,2023-09-05,20230905
ETH,2176104.0,5884395600211,2023-09-06,20230905
ETH,2178191.75,6655531736215,2023-09-07,20230905
ETH,2199576.5,6551330691201,2023-09-08,20230905
ETH,2186387.25,6145015515890,2023-09-09,20230905
ETH,2185083.75,2781697295302,2023-09-10,20230905
ETH,2160606.75,5798976744522,2023-09-11,20230905
ETH,2055531.75,10192229205010,2023-09-12,20230912
ETH,2109419.5,9025960387713,2023-09-13,20230912
ETH,2139885.25,6626597431890,2023-09-14,20230912
ETH,2160719.5,7356069296001,2023-09-15,20230912
ETH,2182413.0,5781052079873,2023-09-16,20230912
ETH,2173880.0,3748372435153,2023-09-17,20230912
ETH,2157516.0,4031762099914,2023-09-18,20230912
ETH,2164061.5,7819996985396,2023-09-19,20230919
ETH,2184114.75,5854981159095,2023-09-20,20230919
ETH,2163867.5,6875284975196,2023-09-21,20230919
ETH,2125730.0,6965961240878,2023-09-22,20230919
ETH,2128056.75,4622423650544,2023-09-23,20230919
ETH,2128844.0,2806794405690,2023-09-24,20230919
ETH,2111488.25,4122467951906,2023-09-25,20230919
ETH,2127479.0,5886790306246,2023-09-26,20230926
ETH,2157979.75,4800838287262,2023-09-27,20230926
ETH,2161266.0,7485714394384,2023-09-28,20230926
ETH,2228660.75,8977424086298,2023-09-29,20230926
ETH,2256611.25,7481280159276,2023-09-30,20230926
ETH,2260965.0,4268889465273,2023-10-01,20230926
ETH,2345736.0,6838933303580,2023-10-02,20230926
ETH,2254281.75,11410186030930,2023-10-03,20231003
ETH,2253200.25,6450553414848,2023-10-04,20231003
ETH,2227803.0,6932182876063,2023-10-05,20231003
ETH,2170046.5,7276810513502,2023-10-06,20231003
ETH,2212581.75,6642738661155,2023-10-07,20231003
ETH,2197363.5,3467084806756,2023-10-08,20231003
ETH,2196075.5,4457294757033,2023-10-09,20231003
ETH,2128781.5,9460495207721,2023-10-10,20231010
ETH,2104726.25,7055032006790,2023-10-11,20231010
ETH,2097010.0,7251989849258,2023-10-12,20231010
ETH,2077604.875,6752472572775,2023-10-13,20231010
ETH,2100078.0,6190463848449,2023-10-14,20231010
ETH,2104363.5,3286885411871,2023-10-15,20231010
ETH,2108178.25,3955482055008,2023-10-16,20231010
ETH,2157768.25,11927030926979,2023-10-17,20231017
ETH,2118663.25,6811229691334,2023-10-18,20231017
ETH,2119409.5,5901329142752,2023-10-19,20231017
ETH,2126976.5,6832444041691,2023-10-20,20231017
ETH,2166829.75,9111332941310,2023-10-21,20231017
ETH,2200098.75,5687832524673,2023-10-22,20231017
ETH,2246195.5,7087131897141,2023-10-23,20231017
ETH,2369473.25,19276883486600,2023-10-24,20231024
ETH,2398516.0,21356465528693,2023-10-25,20231024
ETH,2418474.0,12771717675893,2023-10-26,20231024
ETH,2437873.25,15130528135790,2023-10-27,20231024
ETH,2414133.0,10162698637607,2023-10-28,20231024
ETH,2409485.0,5731538607798,2023-10-29,20231024
ETH,2435127.5,5911055696559,2023-10-30,20231024
ETH,2437307.25,10144695457429,2023-10-31,20231031
ETH,2455646.25,8757416490806,2023-11-01,20231031
ETH,2490378.5,14330542328181,2023-11-02,20231031
ETH,2402595.5,12014436086482,2023-11-03,20231031
ETH,2399156.5,9978443390727,2023-11-04,20231031
ETH,2431755.25,6342282954995,2023-11-05,20231031
ETH,2479305.25,11606413816204,2023-11-06,20231031
ETH,2467085.25,10523827702613,2023-11-07,20231107
ETH,2463955.0,12009982657131,2023-11-08,20231107
ETH,2473342.5,8838664500241,2023-11-09,20231107
ETH,2793199.0,32547565147147,2023-11-10,20231107
ETH,2743695.75,19460130189558,2023-11-11,20231107
ETH,2709931.25,13503162407986,2023-11-12,20231107
ETH,2697042.0,10485208611064,2023-11-13,20231107
ETH,2712097.25,18899133278376,2023-11-14,20231114
ETH,2583144.75,17082841691436,2023-11-15,20231114
ETH,2684428.25,16450364565922,2023-11-16,20231114
ETH,2535116.0,18942272990055,2023-11-17,20231114
ETH,2542565.0,15403131791498,2023-11-18,20231114
ETH,2545163.5,10454886028840,2023-11-19,20231114
ETH,2609587.25,10001817493201,2023-11-20,20231114
ETH,2605817.0,16579469242168,2023-11-21,20231121
ETH,2510748.75,17697123452476,2023-11-22,20231121
ETH,2684374.0,17387884708804,2023-11-23,20231121
ETH,2718571.25,10320073175806,2023-11-24,20231121
ETH,2713825.25,15832074779916,2023-11-25,20231121
ETH,2718077.5,6992868284908,2023-11-26,20231121
ETH,2693939.75,10516807439178,2023-11-27,20231121
ETH,2632429.0,13730492015214,2023-11-28,20231128
ETH,2639732.25,12765788449012,2023-11-29,20231128
ETH,2660721.75,11464483012608,2023-11-30,20231128
XRP,640.224121,4049457612934,2022-09-27,20220927
XRP,641.206299,3799517652517,2022-09-28,20220927
XRP,694.393921,4710300872543,2022-09-29,20220927
XRP,690.985535,5444580581811,2022-09-30,20220927
XRP,684.267456,2223798401768,2022-10-01,20220927
XRP,646.446533,2195122230613,2022-10-02,20220927
XRP,663.555176,2655702470031,2022-10-03,20220927
XRP,680.33429,3106047216853,2022-10-04,20221004
XRP,693.930359,3515159568882,2022-10-05,20221004
XRP,694.723572,2694945464762,2022-10-06,20221004
XRP,738.499817,3743925365940,2022-10-07,20221004
XRP,736.788269,2523426923819,2022-10-08,20221004
XRP,756.754089,2535273424022,2022-10-09,20221004
XRP,710.142578,3370706903735,2022-10-10,20221004
XRP,694.992004,3298499331611,2022-10-11,20221011
XRP,695.878845,1959275060030,2022-10-12,20221011
XRP,688.18573,4065209144015,2022-10-13,20221011
XRP,704.937134,3148859891831,2022-10-14,20221011
XRP,694.184021,1214481353272,2022-10-15,20221011
XRP,687.7323,1483510579361,2022-10-16,20221011
XRP,686.882507,2113767808525,2022-10-17,20221011
XRP,664.206482,1967511362332,2022-10-18,20221018
XRP,647.66864,2058962106818,2022-10-19,20221018
XRP,641.05188,2450693353446,2022-10-20,20221018
XRP,658.968994,2350793450333,2022-10-21,20221018
XRP,665.217773,1264575515367,2022-10-22,20221018
XRP,670.298645,1359043531106,2022-10-23,20221018
XRP,655.752991,1869111655588,2022-10-24,20221018
XRP,658.748535,2292147403565,2022-10-25,20221025
XRP,663.279297,2035547241005,2022-10-26,20221025
XRP,657.241516,2408990779799,2022-10-27,20221025
XRP,674.001099,1709232838575,2022-10-28,20221025
XRP,668.931702,1997604706001,2022-10-29,20221025
XRP,651.922974,1371965205649,2022-10-30,20221025
XRP,664.240601,2084340784661,2022-10-31,20221025
XRP,658.305725,1804449973624,2022-11-01,20221101
XRP,641.999756,1967621108023,2022-11-02,20221101
XRP,648.135559,1547834812710,2022-11-03,20221101
XRP,708.138245,3894763792632,2022-11-04,20221101
XRP,692.689819,1707671241061,2022-11-05,20221101
XRP,660.858521,1320980453104,2022-11-06,20221101
XRP,649.171082,2219759914928,2022-11-07,20221101
XRP,558.399353,5477275036788,2022-11-08,20221108
XRP,456.807159,4994644125961,2022-11-09,20221108
XRP,534.110901,4189988385676,2022-11-10,20221108
XRP,504.834564,2260573562178,2022-11-11,20221108
XRP,477.918793,1224685401812,2022-11-12,20221108
XRP,447.194,1398386636420,2022-11-13,20221108
XRP,498.532196,3179855232362,2022-11-14,20221108
XRP,511.526886,2589184302993,2022-11-15,20221115
XRP,503.05069,1758071272347,2022-11-16,20221115
XRP,513.795227,1781218150695,2022-11-17,20221115
XRP,513.308655,1266549293859,2022-11-18,20221115
XRP,515.508362,765698207317,2022-11-19,20221115
XRP,485.016876,1549292536389,2022-11-20,20221115
XRP,496.036865,2927992851464,2022-11-21,20221115
XRP,508.830841,1845325380354,2022-11-22,20221122
XRP,510.231323,1470947453561,2022-11-23,20221122
XRP,533.178345,1670708343774,2022-11-24,20221122
XRP,545.458191,1695132912778,2022-11-25,20221122
XRP,529.721802,821095161436,2022-11-26,20221122
XRP,529.979004,841428953842,2022-11-27,20221122
XRP,523.483398,1581351858394,2022-11-28,20221122
XRP,528.344299,1284641042014,2022-11-29,20221129
XRP,533.973694,1219301295842,2022-11-30,20221129
XRP,517.406738,967872194221,2022-12-01,20221129
XRP,514.501587,1010509486402,2022-12-02,20221129
XRP,504.327515,645112815925,2022-12-03,20221129
XRP,508.022888,586325999585,2022-12-04,20221129
XRP,508.546387,1162002613219,2022-12-05,20221129
XRP,517.594238,1074962572666,2022-12-06,20221206
XRP,504.40152,1104113011016,2022-12-07,20221206
XRP,519.617188,1014616642524,2022-12-08,20221206
XRP,507.560455,904796362010,2022-12-09,20221206
XRP,504.358124,432527860152,2022-12-10,20221206
XRP,497.903717,478201474199,2022-12-11,20221206
XRP,506.31543,1151497839189,2022-12-12,20221206
XRP,509.427185,1466374113063,2022-12-13,20221213
XRP,500.794098,1157637630505,2022-12-14,20221213
XRP,498.55368,975046096072,2022-12-15,20221213
XRP,461.090088,1390352511454,2022-12-16,20221213
XRP,464.786774,773489788131,2022-12-17,20221213
XRP,458.83963,411181195470,2022-12-18,20221213
XRP,441.100067,1284382296443,2022-12-19,20221213
XRP,448.587921,1197050336022,2022-12-20,20221220
XRP,443.296173,952817638447,2022-12-21,20221220
XRP,451.738129,885259654275,2022-12-22,20221220
XRP,453.556091,739954573619,2022-12-23,20221220
XRP,450.874908,288555604416,2022-12-24,20221220
XRP,443.556213,414499653217,2022-12-25,20221220
XRP,466.462921,1017697155042,2022-12-26,20221220
XRP,468.47876,1152023722143,2022-12-27,20221227
XRP,454.43222,1070172491551,2022-12-28,20221227
XRP,432.212769,1132101421864,2022-12-29,20221227
XRP,435.379974,848154468991,2022-12-30,20221227
XRP,428.959595,425474770505,2022-12-31,20221227
XRP,427.439545,366957463524,2023-01-01,20221227
XRP,442.70224,1683888857450,2023-01-02,20221227
XRP,439.889862,1038713511890,2023-01-03,20230103
XRP,442.187592,1021792275543,2023-01-04,20230103
XRP,430.833038,852681840279,2023-01-05,20230103
XRP,432.143494,929455368638,2023-01-06,20230103
XRP,431.670685,419497504886,2023-01-07,20230103
XRP,432.993195,646520863746,2023-01-08,20230103
XRP,433.061249,1760388118762,2023-01-09,20230103
XRP,435.582184,1011125496492,2023-01-10,20230110
XRP,464.835449,1861487762706,2023-01-11,20230110
XRP,465.039978,1520148080502,2023-01-12,20230110
XRP,477.503815,1225975429337,2023-01-13,20230110
XRP,489.435272,1981668510585,2023-01-14,20230110
XRP,476.427277,1026436538557,2023-01-15,20230110
XRP,480.012726,1805851456980,2023-01-16,20230110
XRP,479.733765,1268453482391,2023-01-17,20230117
XRP,469.858307,1837664690376,2023-01-18,20230117
XRP,485.361786,1366757765111,2023-01-19,20230117
XRP,508.838837,1297454559656,2023-01-20,20230117
XRP,496.761566,1276867560260,2023-01-21,20230117
XRP,493.563324,961068395230,2023-01-22,20230117
XRP,522.80072,2436593792688,2023-01-23,20230117
XRP,502.767975,1560391549797,2023-01-24,20230124
XRP,514.990051,1362284060242,2023-01-25,20230124
XRP,505.329346,1099337648906,2023-01-26,20230124
XRP,507.753967,1001244632612,2023-01-27,20230124
XRP,502.025421,626068815644,2023-01-28,20230124
XRP,508.94812,696918212208,2023-01-29,20230124
XRP,486.075745,1527551881335,2023-01-30,20230124
XRP,500.894958,1265642836412,2023-01-31,20230131
XRP,505.889648,1303910494066,2023-02-01,20230131
XRP,502.042297,1220701109189,2023-02-02,20230131
XRP,514.369934,1058274944485,2023-02-03,20230131
XRP,513.247314,727647982173,2023-02-04,20230131
XRP,497.815521,945959205364,2023-02-05,20230131
XRP,495.568604,1199704114401,2023-02-06,20230131
XRP,507.181915,1275055884518,2023-02-07,20230207
XRP,501.882416,1075510109983,2023-02-08,20230207
XRP,483.781555,1882397154588,2023-02-09,20230207
XRP,485.180908,1112585860533,2023-02-10,20230207
XRP,486.91098,553719588542,2023-02-11,20230207
XRP,475.847992,624422397404,2023-02-12,20230207
XRP,473.249786,1437564013159,2023-02-13,20230207
XRP,486.651703,1300992365730,2023-02-14,20230214
XRP,515.373779,1376915678312,2023-02-15,20230214
XRP,496.755554,1540598250185,2023-02-16,20230214
XRP,512.271179,1256003798413,2023-02-17,20230214
XRP,511.377777,647444999043,2023-02-18,20230214
XRP,500.63562,942987586906,2023-02-19,20230214
XRP,516.671204,1755819918439,2023-02-20,20230214
XRP,511.89856,1441717970634,2023-02-21,20230221
XRP,515.51178,1452652838362,2023-02-22,20230221
XRP,505.257629,1191213838239,2023-02-23,20230221
XRP,497.622131,1253474480782,2023-02-24,20230221
XRP,497.106079,726062995566,2023-02-25,20230221
XRP,497.054657,580905857588,2023-02-26,20230221
XRP,499.940186,1383990540623,2023-02-27,20230221
XRP,498.591827,1322916499176,2023-02-28,20230228
XRP,501.367096,1191756168942,2023-03-01,20230228
XRP,495.161652,1065568987656,2023-03-02,20230228
XRP,489.379272,1560316271570,2023-03-03,20230228
XRP,484.380066,721259978028,2023-03-04,20230228
XRP,475.802979,655117989525,2023-03-05,20230228
XRP,481.371735,1509335912688,2023-03-06,20230228
XRP,501.637817,1950232934552,2023-03-07,20230307
XRP,512.482117,2478072260341,2023-03-08,20230307
XRP,493.407593,2290166812442,2023-03-09,20230307
XRP,493.407593,2290166812442,2023-03-10,20230307
XRP,489.455078,1916095369789,2023-03-11,20230307
XRP,484.452545,1388116231092,2023-03-12,20230307
XRP,493.018494,1455561747036,2023-03-13,20230307
XRP,484.689667,2197388460747,2023-03-14,20230314
XRP,488.397919,1993763159841,2023-03-15,20230314
XRP,473.365295,1394901337042,2023-03-16,20230314
XRP,476.544647,901906170148,2023-03-17,20230314
XRP,497.826141,1369608095166,2023-03-18,20230314
XRP,490.039551,1135145656697,2023-03-19,20230314
XRP,508.223236,1556385072982,2023-03-20,20230314
XRP,488.997559,1402171861270,2023-03-21,20230321
XRP,612.411011,5448551922261,2023-03-22,20230321
XRP,548.77948,4302615574988,2023-03-23,20230321
XRP,572.362305,2780971776820,2023-03-24,20230321
XRP,551.897583,1703872475762,2023-03-25,20230321
XRP,576.277771,2374958539817,2023-03-26,20230321
XRP,581.591309,1413106158814,2023-03-27,20230321
XRP,623.112671,3544350055289,2023-03-28,20230328
XRP,668.200623,4103736464808,2023-03-29,20230328
XRP,710.703003,5351342682179,2023-03-30,20230328
XRP,692.854004,3494659102039,2023-03-31,20230328
XRP,703.523132,2527044140315,2023-04-01,20230328
XRP,672.493713,2390624632248,2023-04-02,20230328
XRP,678.002502,1944891098265,2023-04-03,20230328
XRP,650.221924,2166543848877,2023-04-04,20230404
XRP,660.934509,1615245637371,2023-04-05,20230404
XRP,666.823059,1847443693258,2023-04-06,20230404
XRP,663.895081,1420807222704,2023-04-07,20230404
XRP,676.250732,1395855965790,2023-04-08,20230404
XRP,665.744385,773594189479,2023-04-09,20230404
XRP,665.904724,724814321681,2023-04-10,20230404
XRP,684.817749,1208119425166,2023-04-11,20230411
XRP,684.386353,1595342426028,2023-04-12,20230411
XRP,669.66803,1406963814838,2023-04-13,20230411
XRP,668.206482,1253775009568,2023-04-14,20230411
XRP,683.480774,2083283046927,2023-04-15,20230411
XRP,678.851013,874653762997,2023-04-16,20230411
XRP,680.092041,823339755082,2023-04-17,20230411
XRP,673.586914,1346017302384,2023-04-18,20230418
XRP,700.938721,1539769040225,2023-04-19,20230418
XRP,652.72522,2719184839629,2023-04-20,20230418
XRP,628.688171,1965075395705,2023-04-21,20230418
XRP,597.87384,1879283876908,2023-04-22,20230418
XRP,628.813599,1261657505377,2023-04-23,20230418
XRP,618.648621,992177979266,2023-04-24,20230418
XRP,614.924072,1716613986258,2023-04-25,20230425
XRP,630.42926,1502367537787,2023-04-26,20230425
XRP,618.300781,2121604514424,2023-04-27,20230425
XRP,625.480713,2185730220353,2023-04-28,20230425
XRP,642.678894,1532748004535,2023-04-29,20230425
XRP,640.188354,818335649641,2023-04-30,20230425
XRP,632.059692,744637491660,2023-05-01,20230425
XRP,624.502686,1263876406769,2023-05-02,20230502
XRP,624.254028,1213525960435,2023-05-03,20230502
XRP,618.999207,1401179401597,2023-05-04,20230502
XRP,609.806763,994106307468,2023-05-05,20230502
XRP,616.53949,1129637128351,2023-05-06,20230502
XRP,605.665344,780592804382,2023-05-07,20230502
XRP,593.5625,580011745778,2023-05-08,20230502
XRP,567.522583,1730669538917,2023-05-09,20230509
XRP,570.20282,1208815512647,2023-05-10,20230509
XRP,568.062866,1409057907420,2023-05-11,20230509
XRP,560.689331,1204780617560,2023-05-12,20230509
XRP,578.258362,1576530964118,2023-05-13,20230509
XRP,570.416687,522611667190,2023-05-14,20230509
XRP,571.726624,496466705932,2023-05-15,20230509
XRP,571.116516,1001710695559,2023-05-16,20230516
XRP,592.740662,1293492300234,2023-05-17,20230516
XRP,598.820862,2027349724705,2023-05-18,20230516
XRP,614.540222,1810917080125,2023-05-19,20230516
XRP,620.171753,1435604960663,2023-05-20,20230516
XRP,621.628906,635218591155,2023-05-21,20230516
XRP,606.348938,711946955613,2023-05-22,20230516
XRP,606.626709,1189225504577,2023-05-23,20230523
XRP,614.456604,1095711321665,2023-05-24,20230523
XRP,598.228455,1357658753561,2023-05-25,20230523
XRP,604.017334,928478279844,2023-05-26,20230523
XRP,620.874084,1254466532630,2023-05-27,20230523
XRP,624.982727,840295368110,2023-05-28,20230523
XRP,639.070374,755213780387,2023-05-29,20230523
XRP,654.661682,1377751531670,2023-05-30,20230530
XRP,689.018372,2798630843245,2023-05-31,20230530
XRP,684.031128,2096469269940,2023-06-01,20230530
XRP,666.196167,1438846115694,2023-06-02,20230530
XRP,686.286926,1398642440706,2023-06-03,20230530
XRP,678.349915,894645304670,2023-06-04,20230530
XRP,699.974976,1232264473785,2023-06-05,20230530
XRP,663.918884,2701855606784,2023-06-06,20230606
XRP,689.364136,2074017872961,2023-06-07,20230606
XRP,680.017395,2158836382197,2023-06-08,20230606
XRP,680.168518,1237054304044,2023-06-09,20230606
XRP,692.665405,1588760799074,2023-06-10,20230606
XRP,654.397827,2717146404058,2023-06-11,20230606
XRP,671.170471,1066356567989,2023-06-12,20230606
XRP,675.514893,1540811354930,2023-06-13,20230613
XRP,659.440857,3319108928136,2023-06-14,20230613
XRP,611.963745,2239573093500,2023-06-15,20230613
XRP,609.929321,1500161175074,2023-06-16,20230613
XRP,607.666199,1489496947851,2023-06-17,20230613
XRP,612.836243,812002007123,2023-06-18,20230613
XRP,622.719177,950202713788,2023-06-19,20230613
XRP,633.316528,1117822121927,2023-06-20,20230620
XRP,635.156128,1383390560212,2023-06-21,20230620
XRP,645.260376,1682941916649,2023-06-22,20230620
XRP,642.742798,1971338856724,2023-06-23,20230620
XRP,649.764099,1450493207192,2023-06-24,20230620
XRP,637.799744,908171172791,2023-06-25,20230620
XRP,641.611389,891503329068,2023-06-26,20230620
XRP,624.886353,1242684927523,2023-06-27,20230627
XRP,627.830811,1099124703280,2023-06-28,20230627
XRP,609.131226,1295717098652,2023-06-29,20230627
XRP,628.244202,951266954229,2023-06-30,20230627
XRP,623.975769,1661047615864,2023-07-01,20230627
XRP,623.297913,970668667454,2023-07-02,20230627
XRP,637.738708,1519894731412,2023-07-03,20230627
XRP,639.568542,1384779046970,2023-07-04,20230704
XRP,632.472168,1091196784394,2023-07-05,20230704
XRP,623.652466,1238967237832,2023-07-06,20230704
XRP,607.286743,1244313790761,2023-07-07,20230704
XRP,608.766846,886656561047,2023-07-08,20230704
XRP,611.206482,531717330889,2023-07-09,20230704
XRP,608.352112,421890630878,2023-07-10,20230704
XRP,620.898926,1151324819032,2023-07-11,20230711
XRP,614.562622,834057935605,2023-07-12,20230711
XRP,600.67041,912674936911,2023-07-13,20230711
XRP,1033.214111,13175307125373,2023-07-14,20230711
XRP,912.846985,8961737605697,2023-07-15,20230711
XRP,905.385864,4277575444298,2023-07-16,20230711
XRP,948.02063,4998223139431,2023-07-17,20230711
XRP,935.656494,3172524815544,2023-07-18,20230718
XRP,986.34375,3322663907766,2023-07-19,20230718
XRP,1039.072021,5006873373498,2023-07-20,20230718
XRP,1015.380798,3635901720555,2023-07-21,20230718
XRP,993.940247,2394097360870,2023-07-22,20230718
XRP,943.484192,2107265310761,2023-07-23,20230718
XRP,950.425903,1983227855359,2023-07-24,20230718
XRP,900.157959,2903524870404,2023-07-25,20230725
XRP,904.398987,2310824185932,2023-07-26,20230725
XRP,912.962219,2138678555836,2023-07-27,20230725
XRP,916.477173,1900709684059,2023-07-28,20230725
XRP,907.369263,1344579521308,2023-07-29,20230725
XRP,907.58783,924179924245,2023-07-30,20230725
XRP,897.913696,1685055045510,2023-07-31,20230725
XRP,892.902283,1903044467505,2023-08-01,20230801
XRP,911.877197,1854244028756,2023-08-02,20230801
XRP,888.106323,1467662727434,2023-08-03,20230801
XRP,861.735413,1835456131712,2023-08-04,20230801
XRP,828.768188,1750109016371,2023-08-05,20230801
XRP,819.489258,1489401708824,2023-08-06,20230801
XRP,812.537842,1107219157940,2023-08-07,20230801
XRP,813.549805,1854227788379,2023-08-08,20230808
XRP,846.062012,1706899518350,2023-08-09,20230808
XRP,846.037964,2182193575029,2023-08-10,20230808
XRP,834.689819,1528373858349,2023-08-11,20230808
XRP,840.506714,1178533158412,2023-08-12,20230808
XRP,834.559387,691331591707,2023-08-13,20230808
XRP,833.097351,845332983287,2023-08-14,20230808
XRP,847.187622,1254627652164,2023-08-15,20230815
XRP,816.292236,1648024025306,2023-08-16,20230815
XRP,790.524841,2268916201181,2023-08-17,20230815
XRP,679.48407,3250329614580,2023-08-18,20230815
XRP,678.255249,2907189408780,2023-08-19,20230815
XRP,696.386292,1392365101967,2023-08-20,20230815
XRP,723.083801,1972288470144,2023-08-21,20230815
XRP,703.379456,1938096703214,2023-08-22,20230822
XRP,698.331116,1645067185062,2023-08-23,20230822
XRP,704.67218,1340359029968,2023-08-24,20230822
XRP,688.70575,1171220396021,2023-08-25,20230822
XRP,697.070557,1413924798055,2023-08-26,20230822
XRP,693.393738,716817635790,2023-08-27,20230822
XRP,693.889282,774574894601,2023-08-28,20230822
XRP,692.603027,1115308172365,2023-08-29,20230829
XRP,713.37207,1939853712366,2023-08-30,20230829
XRP,699.345398,1281053629414,2023-08-31,20230829
XRP,677.136475,1424733554487,2023-09-01,20230829
XRP,656.686951,1446608728395,2023-09-02,20230829
XRP,658.026855,872354265162,2023-09-03,20230829
XRP,666.276794,821352087484,2023-09-04,20230829
XRP,671.420532,1113719969167,2023-09-05,20230905
XRP,673.24115,1000147428337,2023-09-06,20230905
XRP,671.562073,1032536926450,2023-09-07,20230905
XRP,673.994568,933999299783,2023-09-08,20230905
XRP,674.636475,948049540948,2023-09-09,20230905
XRP,673.306458,480730562433,2023-09-10,20230905
XRP,665.24054,676516538874,2023-09-11,20230905
XRP,628.426392,1696886137763,2023-09-12,20230912
XRP,636.811646,1359197176185,2023-09-13,20230912
XRP,643.800415,1196892992814,2023-09-14,20230912
XRP,650.028076,1040869666579,2023-09-15,20230912
XRP,665.86853,1265322580578,2023-09-16,20230912
XRP,664.545959,687798105483,2023-09-17,20230912
XRP,655.4599,665358354241,2023-09-18,20230912
XRP,665.077515,1262691687713,2023-09-19,20230919
XRP,683.258484,1303909825743,2023-09-20,20230919
XRP,695.144714,1441600329538,2023-09-21,20230919
XRP,680.503174,1503141881966,2023-09-22,20230919
XRP,684.536987,952261493895,2023-09-23,20230919
XRP,678.557983,510790848712,2023-09-24,20230919
XRP,671.021362,540425389094,2023-09-25,20230919
XRP,677.040405,1142494610874,2023-09-26,20230926
XRP,679.468445,1059585499285,2023-09-27,20230926
XRP,675.910828,1013172127997,2023-09-28,20230926
XRP,687.017029,1060489583168,2023-09-29,20230926
XRP,705.849609,2329121435916,2023-09-30,20230926
XRP,697.307373,736811988326,2023-10-01,20230926
XRP,709.215515,743344803040,2023-10-02,20230926
XRP,694.907227,1282743022329,2023-10-03,20231003
XRP,732.241211,1640977729379,2023-10-04,20231003
XRP,720.49823,1984018770561,2023-10-05,20231003
XRP,704.775208,1109541270136,2023-10-06,20231003
XRP,707.390259,920212059218,2023-10-07,20231003
XRP,701.626404,432226423515,2023-10-08,20231003
XRP,696.325806,479195803464,2023-10-09,20231003
XRP,678.095459,1333814757808,2023-10-10,20231010
XRP,667.831116,900328402028,2023-10-11,20231010
XRP,654.489563,1063401975244,2023-10-12,20231010
XRP,651.84436,1096746697647,2023-10-13,20231010
XRP,657.18219,942971312079,2023-10-14,20231010
XRP,658.637878,483478813091,2023-10-15,20231010
XRP,660.090515,521567308099,2023-10-16,20231010
XRP,671.350769,1459504966461,2023-10-17,20231017
XRP,665.457214,1046770162605,2023-10-18,20231017
XRP,661.837158,995660745404,2023-10-19,20231017
XRP,705.791443,1879397765697,2023-10-20,20231017
XRP,696.775635,1849646935622,2023-10-21,20231017
XRP,703.850098,886486339151,2023-10-22,20231017
XRP,705.535339,751299889090,2023-10-23,20231017
XRP,734.001038,2280530474473,2023-10-24,20231024
XRP,750.739319,3637088686214,2023-10-25,20231024
XRP,751.36792,1889502365216,2023-10-26,20231024
XRP,748.214294,1893569095617,2023-10-27,20231024
XRP,740.640625,1422527406223,2023-10-28,20231024
XRP,739.67041,768695436634,2023-10-29,20231024
XRP,754.584167,888797580657,2023-10-30,20231024
XRP,779.555237,2056946201575,2023-10-31,20231031
XRP,811.513306,2998543216703,2023-11-01,20231031
XRP,821.82251,2399815773074,2023-11-02,20231031
XRP,809.180969,2437413798790,2023-11-03,20231031
XRP,802.428162,1837244971846,2023-11-04,20231031
XRP,806.593933,1062099727888,2023-11-05,20231031
XRP,865.39032,2517456030506,2023-11-06,20231031
XRP,929.154358,4276868329749,2023-11-07,20231107
XRP,895.737061,3671765106332,2023-11-08,20231107
XRP,900.771545,2317725556167,2023-11-09,20231107
XRP,879.197266,4336225973968,2023-11-10,20231107
XRP,872.071045,2653305966606,2023-11-11,20231107
XRP,874.922363,2316845808265,2023-11-12,20231107
XRP,872.384949,1303617075757,2023-11-13,20231107
XRP,886.132874,4076246101853,2023-11-14,20231114
XRP,821.876404,3000687262093,2023-11-15,20231114
XRP,846.401489,1877597771899,2023-11-16,20231114
XRP,791.437866,2270765736536,2023-11-17,20231114
XRP,795.610962,1895962489776,2023-11-18,20231114
XRP,792.333618,1084752322396,2023-11-19,20231114
XRP,813.386353,1245343432618,2023-11-20,20231114
XRP,789.695313,1483634939367,2023-11-21,20231121
XRP,752.371521,2157830204201,2023-11-22,20231121
XRP,795.653137,1732577874687,2023-11-23,20231121
XRP,817.652649,1626204753770,2023-11-24,20231121
XRP,810.933838,1591905158106,2023-11-25,20231121
XRP,812.971497,788276449215,2023-11-26,20231121
XRP,805.353088,1470374870118,2023-11-27,20231121
XRP,784.441772,1570178644155,2023-11-28,20231128
XRP,787.567078,1390850738624,2023-11-29,20231128
XRP,786.495422,1354576166912,2023-11-30,20231128
